key,value,date
Neural Network,0.017584,1998
Real Time,0.015985,1998
Object Orient,0.012530,1998
Speech Recognition,0.008921,1998
Web Base,0.006703,1998
Multi Agent,0.003816,1998
Social Medium,0.000000,1998
Large Scale,0.003300,1998
Mobile Robot,0.004589,1998
E Commerce,0.000258,1998
Hoc Network,0.000206,1998
Wireless Sensor,0.000052,1998
Convolutional Neural,0.000000,1998
Sensor Network,0.000052,1998
Cognitive Radio,0.000000,1998
Big Datum,0.000000,1998
Base Approach,0.003145,1998
Wireless Network,0.000773,1998
Social Network,0.000052,1998
Peer Peer,0.000052,1998
Deep Learn,0.000000,1998
Information System,0.006497,1998
Energy Efficient,0.000000,1998
High Performance,0.004950,1998
Web Service,0.000103,1998
Ad Hoc,0.000928,1998
Information Retrieval,0.003249,1998
Reinforcement Learn,0.002217,1998
Model Base,0.003506,1998
Machine Learn,0.000877,1998
Case Study,0.005724,1998
Genetic Algorithm,0.005930,1998
Neural Network,0.020134,1999
Real Time,0.013984,1999
Object Orient,0.009885,1999
Web Base,0.008837,1999
Information System,0.006651,1999
Multi Agent,0.004373,1999
Social Medium,0.000000,1999
Large Scale,0.003189,1999
Mobile Robot,0.003690,1999
E Commerce,0.001184,1999
Hoc Network,0.001093,1999
Speech Recognition,0.005740,1999
Wireless Sensor,0.000046,1999
Convolutional Neural,0.000046,1999
Sensor Network,0.000091,1999
Cognitive Radio,0.000000,1999
Big Datum,0.000000,1999
Base Approach,0.002915,1999
Wireless Network,0.001959,1999
Social Network,0.000137,1999
Peer Peer,0.000000,1999
Deep Learn,0.000000,1999
Energy Efficient,0.000319,1999
High Performance,0.004191,1999
Web Service,0.000182,1999
Ad Hoc,0.002004,1999
Information Retrieval,0.004191,1999
Reinforcement Learn,0.001412,1999
Model Base,0.003507,1999
Machine Learn,0.001093,1999
Case Study,0.006377,1999
Genetic Algorithm,0.004601,1999
Real Time,0.013371,2000
Neural Network,0.013004,2000
Information System,0.008234,2000
Speech Recognition,0.007827,2000
Web Base,0.007582,2000
Multi Agent,0.005422,2000
Social Medium,0.000000,2000
Large Scale,0.003383,2000
Mobile Robot,0.003180,2000
E Commerce,0.003017,2000
Hoc Network,0.001875,2000
Wireless Sensor,0.000041,2000
Convolutional Neural,0.000000,2000
Sensor Network,0.000367,2000
Cognitive Radio,0.000000,2000
Big Datum,0.000000,2000
Base Approach,0.003547,2000
Wireless Network,0.002364,2000
Social Network,0.000163,2000
Peer Peer,0.000041,2000
Deep Learn,0.000000,2000
Energy Efficient,0.000285,2000
High Performance,0.003506,2000
Web Service,0.000082,2000
Ad Hoc,0.002935,2000
Information Retrieval,0.004892,2000
Reinforcement Learn,0.002283,2000
Object Orient,0.007134,2000
Model Base,0.003506,2000
Machine Learn,0.001060,2000
Case Study,0.005829,2000
Genetic Algorithm,0.005136,2000
Real Time,0.014355,2001
Neural Network,0.009024,2001
Web Base,0.008453,2001
Information System,0.007387,2001
Case Study,0.006664,2001
Multi Agent,0.004607,2001
Social Medium,0.000000,2001
Large Scale,0.002323,2001
Mobile Robot,0.002932,2001
E Commerce,0.004760,2001
Hoc Network,0.003199,2001
Speech Recognition,0.006359,2001
Wireless Sensor,0.000419,2001
Convolutional Neural,0.000000,2001
Sensor Network,0.000762,2001
Cognitive Radio,0.000000,2001
Big Datum,0.000000,2001
Base Approach,0.003808,2001
Wireless Network,0.002627,2001
Social Network,0.000114,2001
Peer Peer,0.000952,2001
Deep Learn,0.000000,2001
Energy Efficient,0.000647,2001
High Performance,0.004417,2001
Web Service,0.000914,2001
Ad Hoc,0.004798,2001
Information Retrieval,0.003503,2001
Reinforcement Learn,0.001752,2001
Object Orient,0.006016,2001
Model Base,0.004112,2001
Machine Learn,0.001447,2001
Genetic Algorithm,0.004531,2001
Real Time,0.013290,2002
Neural Network,0.008033,2002
Web Base,0.006922,2002
Ad Hoc,0.006824,2002
Case Study,0.005649,2002
Multi Agent,0.005322,2002
Social Medium,0.000000,2002
Large Scale,0.003102,2002
Mobile Robot,0.002645,2002
E Commerce,0.002939,2002
Hoc Network,0.004506,2002
Speech Recognition,0.005159,2002
Wireless Sensor,0.000751,2002
Convolutional Neural,0.000065,2002
Sensor Network,0.001535,2002
Cognitive Radio,0.000000,2002
Big Datum,0.000000,2002
Base Approach,0.004147,2002
Wireless Network,0.003624,2002
Social Network,0.000229,2002
Peer Peer,0.004016,2002
Deep Learn,0.000065,2002
Information System,0.005192,2002
Energy Efficient,0.000849,2002
High Performance,0.003592,2002
Web Service,0.003788,2002
Information Retrieval,0.003069,2002
Reinforcement Learn,0.001665,2002
Object Orient,0.003853,2002
Model Base,0.003461,2002
Machine Learn,0.001698,2002
Genetic Algorithm,0.004865,2002
Real Time,0.013902,2003
Neural Network,0.010562,2003
Ad Hoc,0.009015,2003
Web Service,0.007087,2003
Information System,0.006815,2003
Web Base,0.005783,2003
Multi Agent,0.005078,2003
Social Medium,0.000000,2003
Large Scale,0.004019,2003
Mobile Robot,0.002552,2003
E Commerce,0.002579,2003
Hoc Network,0.006218,2003
Speech Recognition,0.004996,2003
Wireless Sensor,0.001819,2003
Convolutional Neural,0.000081,2003
Sensor Network,0.003774,2003
Cognitive Radio,0.000000,2003
Big Datum,0.000000,2003
Base Approach,0.004534,2003
Wireless Network,0.003503,2003
Social Network,0.000299,2003
Peer Peer,0.004942,2003
Deep Learn,0.000000,2003
Energy Efficient,0.001303,2003
High Performance,0.003041,2003
Information Retrieval,0.003829,2003
Reinforcement Learn,0.001330,2003
Object Orient,0.004263,2003
Model Base,0.003801,2003
Machine Learn,0.001439,2003
Case Study,0.006381,2003
Genetic Algorithm,0.005105,2003
Real Time,0.012396,2004
Ad Hoc,0.011664,2004
Neural Network,0.011062,2004
Web Service,0.009276,2004
Hoc Network,0.008953,2004
Web Base,0.004111,2004
Multi Agent,0.005359,2004
Social Medium,0.000022,2004
Large Scale,0.003486,2004
Mobile Robot,0.003056,2004
E Commerce,0.001937,2004
Speech Recognition,0.004433,2004
Wireless Sensor,0.003723,2004
Convolutional Neural,0.000043,2004
Sensor Network,0.007468,2004
Cognitive Radio,0.000022,2004
Big Datum,0.000000,2004
Base Approach,0.004433,2004
Wireless Network,0.004455,2004
Social Network,0.000581,2004
Peer Peer,0.005940,2004
Deep Learn,0.000000,2004
Information System,0.005854,2004
Energy Efficient,0.001894,2004
High Performance,0.003164,2004
Information Retrieval,0.003551,2004
Reinforcement Learn,0.001786,2004
Object Orient,0.002712,2004
Model Base,0.004606,2004
Machine Learn,0.001636,2004
Case Study,0.007167,2004
Genetic Algorithm,0.004627,2004
Neural Network,0.013049,2005
Real Time,0.012442,2005
Sensor Network,0.011986,2005
Ad Hoc,0.011854,2005
Web Service,0.010128,2005
Web Base,0.003679,2005
Multi Agent,0.005671,2005
Social Medium,0.000019,2005
Large Scale,0.003774,2005
Mobile Robot,0.002674,2005
E Commerce,0.002086,2005
Hoc Network,0.009217,2005
Speech Recognition,0.003281,2005
Wireless Sensor,0.006448,2005
Convolutional Neural,0.000095,2005
Cognitive Radio,0.000114,2005
Big Datum,0.000000,2005
Base Approach,0.004514,2005
Wireless Network,0.005026,2005
Social Network,0.000683,2005
Peer Peer,0.005064,2005
Deep Learn,0.000000,2005
Information System,0.005045,2005
Energy Efficient,0.002010,2005
High Performance,0.002940,2005
Information Retrieval,0.003528,2005
Reinforcement Learn,0.001726,2005
Object Orient,0.002541,2005
Model Base,0.004248,2005
Machine Learn,0.001536,2005
Case Study,0.006752,2005
Genetic Algorithm,0.006221,2005
Sensor Network,0.015986,2006
Neural Network,0.015198,2006
Real Time,0.012625,2006
Ad Hoc,0.010121,2006
Wireless Sensor,0.009315,2006
Web Base,0.002959,2006
Multi Agent,0.004500,2006
Social Medium,0.000018,2006
Large Scale,0.004167,2006
Mobile Robot,0.002784,2006
E Commerce,0.000998,2006
Hoc Network,0.007844,2006
Speech Recognition,0.003204,2006
Convolutional Neural,0.000018,2006
Cognitive Radio,0.000438,2006
Big Datum,0.000000,2006
Base Approach,0.004167,2006
Wireless Network,0.004763,2006
Social Network,0.001296,2006
Peer Peer,0.004640,2006
Deep Learn,0.000000,2006
Information System,0.004290,2006
Energy Efficient,0.002049,2006
High Performance,0.003327,2006
Web Service,0.008125,2006
Information Retrieval,0.002767,2006
Reinforcement Learn,0.001681,2006
Object Orient,0.001996,2006
Model Base,0.004518,2006
Machine Learn,0.001821,2006
Case Study,0.006058,2006
Genetic Algorithm,0.005446,2006
Sensor Network,0.017176,2007
Neural Network,0.012678,2007
Real Time,0.012264,2007
Wireless Sensor,0.010557,2007
Ad Hoc,0.008532,2007
Web Base,0.003078,2007
Multi Agent,0.004194,2007
Social Medium,0.000080,2007
Large Scale,0.004689,2007
Mobile Robot,0.002823,2007
E Commerce,0.001244,2007
Hoc Network,0.006523,2007
Speech Recognition,0.002839,2007
Convolutional Neural,0.000016,2007
Cognitive Radio,0.001435,2007
Big Datum,0.000000,2007
Base Approach,0.004800,2007
Wireless Network,0.004864,2007
Social Network,0.001850,2007
Peer Peer,0.003668,2007
Deep Learn,0.000000,2007
Information System,0.005055,2007
Energy Efficient,0.002153,2007
High Performance,0.002153,2007
Web Service,0.007798,2007
Information Retrieval,0.003094,2007
Reinforcement Learn,0.001930,2007
Object Orient,0.001722,2007
Model Base,0.004928,2007
Machine Learn,0.001786,2007
Case Study,0.006937,2007
Genetic Algorithm,0.005996,2007
Sensor Network,0.016606,2008
Wireless Sensor,0.011612,2008
Neural Network,0.011396,2008
Real Time,0.011349,2008
Ad Hoc,0.007515,2008
Web Base,0.003077,2008
Multi Agent,0.004809,2008
Social Medium,0.000263,2008
Large Scale,0.005133,2008
Mobile Robot,0.002304,2008
E Commerce,0.001222,2008
Hoc Network,0.005860,2008
Speech Recognition,0.002752,2008
Convolutional Neural,0.000077,2008
Cognitive Radio,0.001917,2008
Big Datum,0.000000,2008
Base Approach,0.004469,2008
Wireless Network,0.005659,2008
Social Network,0.003139,2008
Peer Peer,0.003634,2008
Deep Learn,0.000031,2008
Information System,0.004793,2008
Energy Efficient,0.001964,2008
High Performance,0.002876,2008
Web Service,0.006973,2008
Information Retrieval,0.002814,2008
Reinforcement Learn,0.001809,2008
Object Orient,0.001484,2008
Model Base,0.005381,2008
Machine Learn,0.001484,2008
Case Study,0.007360,2008
Genetic Algorithm,0.004422,2008
Sensor Network,0.016753,2009
Wireless Sensor,0.011460,2009
Real Time,0.011223,2009
Neural Network,0.011105,2009
Case Study,0.007955,2009
Web Base,0.002602,2009
Multi Agent,0.004333,2009
Social Medium,0.000399,2009
Large Scale,0.005515,2009
Mobile Robot,0.002676,2009
E Commerce,0.000961,2009
Hoc Network,0.005175,2009
Speech Recognition,0.002765,2009
Convolutional Neural,0.000044,2009
Cognitive Radio,0.002869,2009
Big Datum,0.000000,2009
Base Approach,0.004333,2009
Wireless Network,0.004569,2009
Social Network,0.004599,2009
Peer Peer,0.002824,2009
Deep Learn,0.000074,2009
Information System,0.004554,2009
Energy Efficient,0.002203,2009
High Performance,0.002322,2009
Web Service,0.005885,2009
Ad Hoc,0.006698,2009
Information Retrieval,0.002174,2009
Reinforcement Learn,0.001538,2009
Object Orient,0.001065,2009
Model Base,0.004820,2009
Machine Learn,0.001671,2009
Genetic Algorithm,0.005264,2009
Sensor Network,0.014827,2010
Real Time,0.011282,2010
Wireless Sensor,0.010607,2010
Neural Network,0.009749,2010
Case Study,0.007118,2010
Web Base,0.002377,2010
Multi Agent,0.004136,2010
Social Medium,0.000858,2010
Large Scale,0.005543,2010
Mobile Robot,0.002124,2010
E Commerce,0.001393,2010
Hoc Network,0.004037,2010
Speech Recognition,0.002560,2010
Convolutional Neural,0.000113,2010
Cognitive Radio,0.004037,2010
Big Datum,0.000014,2010
Base Approach,0.004291,2010
Wireless Network,0.004980,2010
Social Network,0.005247,2010
Peer Peer,0.002223,2010
Deep Learn,0.000070,2010
Information System,0.004544,2010
Energy Efficient,0.002504,2010
High Performance,0.002166,2010
Web Service,0.005106,2010
Ad Hoc,0.005247,2010
Information Retrieval,0.002096,2010
Reinforcement Learn,0.001773,2010
Object Orient,0.001196,2010
Model Base,0.004853,2010
Machine Learn,0.001941,2010
Genetic Algorithm,0.004952,2010
Sensor Network,0.013088,2011
Real Time,0.011848,2011
Wireless Sensor,0.009729,2011
Neural Network,0.007998,2011
Case Study,0.007132,2011
Web Base,0.001873,2011
Multi Agent,0.003579,2011
Social Medium,0.001873,2011
Large Scale,0.005504,2011
Mobile Robot,0.002468,2011
E Commerce,0.000788,2011
Hoc Network,0.003915,2011
Speech Recognition,0.002300,2011
Convolutional Neural,0.000052,2011
Cognitive Radio,0.004199,2011
Big Datum,0.000103,2011
Base Approach,0.003837,2011
Wireless Network,0.004858,2011
Social Network,0.006434,2011
Peer Peer,0.001538,2011
Deep Learn,0.000168,2011
Information System,0.003799,2011
Energy Efficient,0.003579,2011
High Performance,0.002442,2011
Web Service,0.003734,2011
Ad Hoc,0.004871,2011
Information Retrieval,0.001705,2011
Reinforcement Learn,0.001899,2011
Object Orient,0.000904,2011
Model Base,0.004742,2011
Machine Learn,0.001938,2011
Genetic Algorithm,0.004005,2011
Sensor Network,0.012694,2012
Real Time,0.012231,2012
Wireless Sensor,0.009270,2012
Case Study,0.007662,2012
Neural Network,0.007407,2012
Web Base,0.001815,2012
Multi Agent,0.003825,2012
Social Medium,0.002851,2012
Large Scale,0.005786,2012
Mobile Robot,0.002400,2012
E Commerce,0.000743,2012
Hoc Network,0.003094,2012
Speech Recognition,0.002461,2012
Convolutional Neural,0.000122,2012
Cognitive Radio,0.004422,2012
Big Datum,0.000914,2012
Base Approach,0.004519,2012
Wireless Network,0.004398,2012
Social Network,0.007200,2012
Peer Peer,0.000938,2012
Deep Learn,0.000207,2012
Information System,0.004057,2012
Energy Efficient,0.003947,2012
High Performance,0.002570,2012
Web Service,0.002911,2012
Ad Hoc,0.003983,2012
Information Retrieval,0.001608,2012
Reinforcement Learn,0.001571,2012
Object Orient,0.000682,2012
Model Base,0.005189,2012
Machine Learn,0.002412,2012
Genetic Algorithm,0.003655,2012
Real Time,0.012305,2013
Sensor Network,0.011515,2013
Wireless Sensor,0.008495,2013
Case Study,0.007775,2013
Neural Network,0.007315,2013
Web Base,0.001876,2013
Multi Agent,0.003315,2013
Social Medium,0.004011,2013
Large Scale,0.005852,2013
Mobile Robot,0.002548,2013
E Commerce,0.000460,2013
Hoc Network,0.002619,2013
Speech Recognition,0.001876,2013
Convolutional Neural,0.000260,2013
Cognitive Radio,0.003905,2013
Big Datum,0.003103,2013
Base Approach,0.004106,2013
Wireless Network,0.003858,2013
Social Network,0.007114,2013
Peer Peer,0.000932,2013
Deep Learn,0.000283,2013
Information System,0.003327,2013
Energy Efficient,0.004566,2013
High Performance,0.002206,2013
Web Service,0.002194,2013
Ad Hoc,0.003539,2013
Information Retrieval,0.001510,2013
Reinforcement Learn,0.001451,2013
Object Orient,0.000625,2013
Model Base,0.004707,2013
Machine Learn,0.002336,2013
Genetic Algorithm,0.003303,2013
Real Time,0.011789,2014
Sensor Network,0.009274,2014
Neural Network,0.009066,2014
Case Study,0.008178,2014
Wireless Sensor,0.006863,2014
Web Base,0.001626,2014
Multi Agent,0.003645,2014
Social Medium,0.003956,2014
Large Scale,0.006217,2014
Mobile Robot,0.001961,2014
E Commerce,0.000588,2014
Hoc Network,0.002272,2014
Speech Recognition,0.002099,2014
Convolutional Neural,0.000600,2014
Cognitive Radio,0.003864,2014
Big Datum,0.004902,2014
Base Approach,0.004406,2014
Wireless Network,0.003345,2014
Social Network,0.006598,2014
Peer Peer,0.000554,2014
Deep Learn,0.000819,2014
Information System,0.002953,2014
Energy Efficient,0.004256,2014
High Performance,0.002099,2014
Web Service,0.001926,2014
Ad Hoc,0.002953,2014
Information Retrieval,0.001384,2014
Reinforcement Learn,0.001361,2014
Object Orient,0.000577,2014
Model Base,0.004026,2014
Machine Learn,0.002803,2014
Genetic Algorithm,0.002711,2014
Real Time,0.011603,2015
Neural Network,0.010786,2015
Case Study,0.008878,2015
Sensor Network,0.007380,2015
Social Network,0.006528,2015
Web Base,0.001385,2015
Multi Agent,0.003315,2015
Social Medium,0.004530,2015
Large Scale,0.006460,2015
Mobile Robot,0.001839,2015
E Commerce,0.000624,2015
Hoc Network,0.001919,2015
Speech Recognition,0.001953,2015
Wireless Sensor,0.005824,2015
Convolutional Neural,0.002078,2015
Cognitive Radio,0.003281,2015
Big Datum,0.006449,2015
Base Approach,0.004099,2015
Wireless Network,0.003088,2015
Peer Peer,0.000636,2015
Deep Learn,0.001726,2015
Information System,0.003043,2015
Energy Efficient,0.004632,2015
High Performance,0.002430,2015
Web Service,0.001862,2015
Ad Hoc,0.002464,2015
Information Retrieval,0.001260,2015
Reinforcement Learn,0.001487,2015
Object Orient,0.000715,2015
Model Base,0.004416,2015
Machine Learn,0.003667,2015
Genetic Algorithm,0.002759,2015
Neural Network,0.016826,2016
Real Time,0.011902,2016
Case Study,0.008620,2016
Sensor Network,0.006945,2016
Large Scale,0.006777,2016
Web Base,0.001239,2016
Multi Agent,0.003528,2016
Social Medium,0.005516,2016
Mobile Robot,0.001641,2016
E Commerce,0.000748,2016
Hoc Network,0.001719,2016
Speech Recognition,0.001865,2016
Wireless Sensor,0.005203,2016
Convolutional Neural,0.004321,2016
Cognitive Radio,0.002624,2016
Big Datum,0.006532,2016
Base Approach,0.003930,2016
Wireless Network,0.002479,2016
Social Network,0.006007,2016
Peer Peer,0.000648,2016
Deep Learn,0.003752,2016
Information System,0.002646,2016
Energy Efficient,0.003930,2016
High Performance,0.002278,2016
Web Service,0.001251,2016
Ad Hoc,0.002255,2016
Information Retrieval,0.001217,2016
Reinforcement Learn,0.001686,2016
Object Orient,0.000514,2016
Model Base,0.004198,2016
Machine Learn,0.004745,2016
Genetic Algorithm,0.002434,2016
Neural Network,0.023269,2017
Real Time,0.011010,2017
Case Study,0.008368,2017
Convolutional Neural,0.008047,2017
Deep Learn,0.007671,2017
Web Base,0.001172,2017
Multi Agent,0.003316,2017
Social Medium,0.005428,2017
Large Scale,0.006566,2017
Mobile Robot,0.002012,2017
E Commerce,0.000752,2017
Hoc Network,0.001338,2017
Speech Recognition,0.001835,2017
Wireless Sensor,0.004068,2017
Sensor Network,0.005516,2017
Cognitive Radio,0.002056,2017
Big Datum,0.006853,2017
Base Approach,0.003946,2017
Wireless Network,0.002775,2017
Social Network,0.005240,2017
Peer Peer,0.000619,2017
Information System,0.002498,2017
Energy Efficient,0.003626,2017
High Performance,0.002443,2017
Web Service,0.001083,2017
Ad Hoc,0.001879,2017
Information Retrieval,0.001116,2017
Reinforcement Learn,0.003261,2017
Object Orient,0.000508,2017
Model Base,0.004256,2017
Machine Learn,0.007130,2017
Genetic Algorithm,0.002211,2017
Neural Network,0.028727,2018
Deep Learn,0.012045,2018
Real Time,0.010463,2018
Convolutional Neural,0.009909,2018
Machine Learn,0.009774,2018
Web Base,0.000933,2018
Multi Agent,0.003380,2018
Social Medium,0.004867,2018
Large Scale,0.006583,2018
Mobile Robot,0.001636,2018
E Commerce,0.000838,2018
Hoc Network,0.000852,2018
Speech Recognition,0.002055,2018
Wireless Sensor,0.002920,2018
Sensor Network,0.004015,2018
Cognitive Radio,0.001217,2018
Big Datum,0.005624,2018
Base Approach,0.004001,2018
Wireless Network,0.002001,2018
Social Network,0.004542,2018
Peer Peer,0.000406,2018
Information System,0.002528,2018
Energy Efficient,0.003542,2018
High Performance,0.001893,2018
Web Service,0.000838,2018
Ad Hoc,0.001257,2018
Information Retrieval,0.001122,2018
Reinforcement Learn,0.005962,2018
Object Orient,0.000419,2018
Model Base,0.003880,2018
Case Study,0.008179,2018
Genetic Algorithm,0.002122,2018
